time_s,request_rate_rps,avg_service_time_ms
1,519,159.9040799
2,527,221.5935973
3,465,158.3466136
4,518,178.4929952
5,471,210.8683487
6,492,206.7086385
7,509,217.4069849
8,496,183.0187508
9,503,187.9629021
10,524,167.9217708
11,518,157.5073471
12,519,162.3397788
13,498,212.8272554
14,474,192.0527201
15,488,169.9349703
16,498,212.4520651
17,471,220.9264927
18,481,243.4348702
19,496,238.9310538
20,513,179.0772674
21,524,222.9709076
22,493,180.6738223
23,512,200.5560558
24,479,216.3651337
25,520,213.6614861
26,514,256.3481365
27,497,225.2646321
28,472,212.6341445
29,511,201.3720118
30,504,226.7209809
31,509,213.0240414
32,504,172.7359544
33,480,198.7606891
34,527,158.1798653
35,454,202.6772086
36,486,206.5843299
37,504,154.3658461
38,511,225.598526
39,523,179.8242477
40,515,207.402192
41,475,212.4635825
42,474,204.1685142
43,497,179.4361559
44,487,200.698747
45,491,179.9471637
46,536,253.1350314
47,519,223.7953778
48,497,159.5314768
49,465,233.6773302
50,497,218.468529
51,487,218.2797168
52,476,203.9866645
53,518,205.4944562
54,496,166.2019882
55,505,229.3637706
56,463,164.133215
57,489,219.9724211
58,467,176.7075142
59,476,172.8850014
60,505,192.2845405
61,506,199.2645274
62,557,193.8850921
63,520,226.1746855
64,499,198.5380505
65,544,151.9217401
66,498,188.1210081
67,489,159.286282
68,496,234.6304466
69,472,236.2215238
70,468,204.4639299
71,485,198.6889189
72,515,177.8373478
73,467,210.9266159
74,481,235.8787175
75,503,185.2288363
76,524,170.3850733
77,488,153.0102799
78,486,218.8833585
79,475,176.6889942
80,496,168.6590743
81,532,183.9490983
82,532,185.9623142
83,501,207.5892786
84,519,246.2348597
85,492,192.3197048
86,517,233.614073
87,544,171.7182503
88,470,228.2168228
89,474,182.4259514
90,506,212.7090516
91,478,211.9540489
92,500,173.6001723
93,471,234.4555838
94,470,245.3727718
95,513,226.4153532
96,479,186.3215077
97,514,200.1413477
98,471,200.3852005
99,541,180.0671017
100,487,216.8801219
101,486,218.4166035
102,509,184.8576453
103,472,233.1282061
104,543,234.5592018
105,498,201.5454401
106,524,192.4900635
107,481,215.5014061
108,507,216.6055135
109,507,240.7462662
110,492,194.5345405
111,510,246.1271275
112,497,182.9482279
113,482,162.1095378
114,523,219.0630391
115,457,198.8897779
116,473,198.1842767
117,487,174.3901033
118,539,181.623061
119,485,203.098972
120,469,210.1416333
121,452,158.8666328
122,451,145.0262785
123,512,239.7174984
124,488,209.4359053
125,530,225.9831525
126,445,218.195893
127,482,213.3308681
128,504,226.9702414
129,449,206.0331896
130,501,207.2269051
131,525,175.3344296
132,540,188.9073592
133,519,176.3224044
134,519,236.816929
135,502,244.3753606
136,527,193.158841
137,493,193.2211417
138,484,156.9804829
139,499,175.1327202
140,481,218.8870901
141,491,207.020972
142,492,204.4153955
143,537,169.844486
144,489,179.1656214
145,526,195.1169816
146,522,178.6329839
147,509,249.7933146
148,516,150.4590804
149,513,201.629402
150,471,230.252002
151,465,202.6844644
152,463,166.9983556
153,521,192.2364411
154,520,169.4480706
155,548,200.8721441
156,506,153.6801608
157,507,249.6539935
158,504,228.1450034
159,498,241.4042077
160,518,169.1883192
161,499,219.8033194
162,542,181.3879681
163,469,197.3983655
164,510,186.2850602
165,519,217.0832492
166,489,197.5471518
167,518,272.3722234
168,491,226.3567284
169,474,212.1335598
170,544,216.4560668
171,492,193.1968064
172,503,222.7011679
173,520,209.545184
174,492,221.4141474
175,469,168.6047682
176,509,209.8326377
177,506,213.3223681
178,524,177.9514968
179,497,236.0910622
180,487,203.8746849
181,520,215.1326515
182,485,188.0617969
183,511,168.5318485
184,464,176.8960374
185,473,151.4990148
186,510,212.1169392
187,507,202.4854232
188,482,224.3066659
189,541,211.7833367
190,513,224.5714281
191,442,220.7343446
192,470,198.7786898
193,517,182.2458482
194,527,217.8864009
195,516,204.555961
196,484,219.9561021
197,452,187.2933941
198,514,200.2231323
199,464,216.2354366
200,520,171.3017145
201,505,183.8061231
202,548,213.2141428
203,505,228.9224113
204,510,186.7778571
205,473,207.0510354
206,494,226.0789213
207,469,193.3347319
208,485,217.1974519
209,495,168.090551
210,509,229.2766116
211,494,210.1587374
212,506,211.6157504
213,498,196.7255862
214,505,209.0496095
215,513,200.7876454
216,510,145.3373613
217,520,230.8139644
218,496,177.136238
219,491,258.0559324
220,516,219.4720475
221,539,169.8966243
222,501,182.3633953
223,488,188.3342091
224,500,164.668552
225,459,209.9833237
226,452,193.3653363
227,489,195.1203575
228,488,291.6065211
229,527,190.3385496
230,474,171.0457121
231,469,259.8285763
232,519,222.2008916
233,512,207.8885803
234,493,213.724249
235,502,172.6599309
236,475,204.5588236
237,472,173.2716976
238,493,161.4280457
239,517,206.7593099
240,498,192.9217017
241,477,195.8515502
242,446,208.9682366
243,486,169.8286567
244,505,180.1190407
245,462,205.4951795
246,526,173.7334495
247,510,182.5188587
248,518,222.2288859
249,491,201.2794578
250,489,219.6020064
251,499,203.3695302
252,527,197.9809692
253,536,180.8196315
254,526,221.6183531
255,500,167.8115721
256,467,190.494834
257,538,200.7375474
258,476,196.7033355
259,478,207.9891261
260,541,190.6396081
261,487,197.6841838
262,513,217.0854018
263,499,245.6596706
264,535,180.381036
265,529,200.6996819
266,516,196.6202513
267,503,198.5883417
268,486,205.6433866
269,517,185.7214368
270,470,223.2918738
271,519,190.8139227
272,521,240.7928258
273,503,208.8335879
274,540,185.6269068
275,449,215.4016989
276,511,213.4274465
277,519,191.8597581
278,516,195.4395466
279,449,198.4631906
280,508,167.6726273
281,512,199.2725619
282,494,210.5380243
283,511,195.0131444
284,527,200.3060217
285,527,194.0443745
286,506,159.3891017
287,485,172.5830711
288,477,158.6013362
289,490,249.7085078
290,486,200.0085491
291,472,187.1011116
292,506,215.74247
293,537,217.8447934
294,471,177.2549545
295,457,201.031485
296,509,193.9993833
297,495,202.7989739
298,517,223.3765195
299,485,179.6449792
300,482,198.8915192
301,536,230.5115163
302,516,186.4934734
303,510,181.5531314
304,482,203.7258478
305,474,231.8430707
306,485,201.4119781
307,521,236.6274959
308,496,184.3262615
309,520,197.9402111
310,504,162.411554
311,510,210.3596502
312,501,185.5883299
313,467,137.2203218
314,483,225.4763659
315,497,173.9123131
316,488,189.6486137
317,468,219.4904601
318,455,223.2389445
319,479,224.0140481
320,493,205.3019767
321,528,190.2425085
322,500,164.8742761
323,489,220.4800264
324,520,154.5894
325,484,206.7890446
326,482,221.9226975
327,512,200.3134059
328,489,225.4371007
329,449,158.561214
330,514,201.0163041
331,448,207.9258838
332,538,174.8057614
333,477,221.3044182
334,468,185.4277846
335,482,189.6302602
336,506,190.0895901
337,508,230.0719652
338,519,208.1057814
339,483,184.9085898
340,497,225.7032275
341,523,193.7444171
342,521,228.7654964
343,480,164.6743045
344,488,231.9544931
345,515,237.5297363
346,516,211.3517206
347,532,256.6969194
348,470,158.4359715
349,513,192.4822692
350,470,207.1207778
351,531,166.2363208
352,508,219.2726038
353,450,207.4350933
354,486,214.6766556
355,525,180.5874786
356,506,190.083145
357,530,191.699103
358,507,196.9390492
359,493,218.2155319
360,515,174.1544352
361,495,197.1048059
362,501,203.3539132
363,465,198.1319965
364,493,186.1080453
365,477,232.2903836
366,480,152.2555323
367,516,163.7698561
368,492,208.1156186
369,516,208.7674914
370,520,173.7870473
371,467,176.1623306
372,528,183.405466
373,466,244.8674554
374,517,212.3886501
375,515,209.0389237
376,493,259.8426122
377,507,137.1957251
378,494,196.9989178
379,543,220.4035032
380,478,158.161853
381,493,248.5827421
382,475,178.4424992
383,489,224.3258071
384,482,206.8803203
385,517,234.2424641
386,485,180.5122736
387,477,179.9203024
388,498,181.5347338
389,446,201.0292615
390,500,218.9317651
391,483,214.8158732
392,518,236.5334291
393,459,193.1578715
394,487,209.2016899
395,465,199.9620695
396,507,216.1469472
397,475,213.2070379
398,475,186.9534848
399,505,188.2393546
400,486,184.7067377
401,494,217.2241306
402,519,203.2353576
403,546,153.0604451
404,533,199.6096999
405,484,212.1052656
406,477,214.4991247
407,497,219.6120854
408,514,210.257006
409,530,225.3271398
410,502,252.1778977
411,482,215.7734669
412,545,226.068231
413,519,167.8646896
414,499,206.2115057
415,502,200.0919157
416,471,221.9620253
417,552,219.4006832
418,553,181.7079542
419,503,257.7734139
420,483,208.3141235
421,469,155.1968929
422,488,174.611019
423,498,245.1888177
424,502,209.2109631
425,516,224.3640835
426,474,224.6797165
427,490,209.98024
428,490,202.0761996
429,508,227.6451272
430,521,203.3965537
431,540,218.854538
432,509,227.8474018
433,455,188.97386
434,471,165.4928523
435,509,198.2559483
436,539,214.4052597
437,515,199.4527558
438,510,182.4411351
439,498,182.2098835
440,490,164.4596571
441,512,237.1688161
442,442,195.813402
443,532,177.1499903
444,510,156.9465816
445,549,207.8719604
446,516,170.3043141
447,504,173.6102659
448,500,174.3943538
449,495,174.410597
450,490,189.798692
451,496,193.604566
452,464,157.1512067
453,510,207.0856292
454,478,199.5531537
455,528,177.6464159
456,511,198.2819913
457,485,222.528121
458,485,202.5095419
459,536,184.1147668
460,503,168.8328705
461,552,282.6797432
462,483,191.4493065
463,493,207.0475573
464,530,232.6805126
465,496,210.8696058
466,527,189.0198698
467,503,207.5035065
468,509,168.7718964
469,482,204.6711314
470,540,195.7649955
471,518,242.0716106
472,499,229.2280881
473,482,215.5843214
474,486,203.8355678
475,505,227.1537487
476,480,180.0474442
477,528,202.545163
478,521,167.2429089
479,472,197.7652814
480,469,156.3967597
481,474,200.862216
482,508,185.8577449
483,472,180.9313333
484,484,175.579254
485,511,229.203551
486,524,205.735695
487,495,130.3240988
488,500,184.7489629
489,465,204.1221086
490,497,210.2151107
491,450,205.9911849
492,490,174.6278251
493,524,211.7319106
494,495,231.0910036
495,517,232.0052352
496,499,196.5385732
497,473,217.9279499
498,465,209.3991569
499,502,191.1323932
500,451,212.7441263
501,496,192.0980382
502,524,212.1810293
503,473,205.7452094
504,524,246.5063939
505,523,168.8123007
506,493,193.9955769
507,483,230.3519282
508,500,220.6079204
509,498,178.2977133
510,480,164.3335577
511,517,192.5077738
512,463,174.0191353
513,476,175.4964369
514,472,204.6636732
515,497,180.4641557
516,529,179.7942237
517,480,181.8704274
518,486,163.0248542
519,504,209.9749018
520,524,194.8066387
521,424,221.2583852
522,506,137.7952991
523,484,144.3079043
524,518,178.8085174
525,504,257.8191019
526,484,219.0415457
527,488,180.9744423
528,512,207.3543545
529,533,188.4935451
530,476,193.4213549
531,498,207.1721886
532,543,166.7828831
533,480,166.8470935
534,478,201.2430043
535,480,166.6107597
536,479,250.2097561
537,476,152.4682471
538,528,245.4659854
539,491,192.3418796
540,491,166.6039451
541,507,150.692368
542,466,160.7874986
543,469,186.7663834
544,470,164.4032539
545,517,153.4845743
546,445,211.4664628
547,488,248.7433405
548,505,214.19625
549,500,219.4818496
550,493,192.5118462
551,471,236.223839
552,478,219.3208064
553,528,190.3963072
554,491,126.1910617
555,496,188.3048057
556,540,200.5208384
557,493,207.1581223
558,497,193.804191
559,498,164.865851
560,503,206.0474566
561,490,200.2891227
562,465,205.5848074
563,515,188.14897
564,480,166.1454655
565,517,205.3266578
566,506,200.4869561
567,493,194.859941
568,505,173.4535354
569,504,190.7218935
570,517,153.6075128
571,500,161.0283413
572,489,191.2667055
573,492,235.7485196
574,484,183.1862457
575,519,197.2002358
576,502,198.6577463
577,477,204.4174059
578,530,224.2737628
579,466,171.5117116
580,499,219.1638505
581,495,243.3278584
582,495,176.5713399
583,521,195.3327712
584,485,226.5637542
585,530,192.3374016
586,501,249.499587
587,513,220.8794407
588,511,192.8899042
589,508,154.0195976
590,498,185.4239811
591,480,139.7151292
592,477,213.6458093
593,494,225.3549226
594,578,196.4739235
595,510,152.6165499
596,509,184.4418372
597,496,185.5826701
598,557,216.5046665
599,514,176.8949506
600,534,139.476709
601,1010,171.537924
602,907,181.5968653
603,984,185.4583377
604,953,158.807806
605,956,208.6006653
606,945,155.0309343
607,919,159.478602
608,1036,207.4977853
609,989,189.6981543
610,909,172.479126
611,954,171.9052491
612,996,190.371931
613,969,179.5786495
614,946,164.2646778
615,938,136.0596104
616,900,119.0082006
617,977,188.1429657
618,1008,148.938186
619,863,205.9932955
620,923,178.2390892
621,925,209.2775746
622,914,148.1812178
623,920,149.26718
624,1000,147.2192222
625,961,188.505869
626,979,203.6186375
627,936,165.2345287
628,924,160.650641
629,1016,144.0997751
630,976,175.8588704
631,918,171.2151901
632,964,172.0832008
633,944,159.1503899
634,970,150.4203538
635,1011,150.0333011
636,905,174.6436248
637,952,173.8862079
638,949,157.9408214
639,943,151.8425382
640,958,201.9878673
641,962,175.0487122
642,996,172.0122203
643,888,188.9830832
644,963,139.1761252
645,944,152.5016316
646,987,163.6558281
647,936,169.8011823
648,965,194.90321
649,938,150.6981313
650,981,185.0210643
651,972,191.2077333
652,922,130.919475
653,910,123.8394138
654,961,201.0928868
655,995,153.6794583
656,906,195.8540633
657,914,167.581906
658,931,143.6910003
659,993,187.8592094
660,969,169.0937675
661,937,176.1851028
662,913,173.0975332
663,932,143.4254803
664,954,172.1330815
665,893,184.9826604
666,977,174.6169819
667,981,168.9446646
668,982,183.4803792
669,937,134.3035208
670,947,178.7527415
671,925,138.6307728
672,933,167.9990354
673,910,159.5968377
674,932,156.6321721
675,925,155.0758537
676,1007,223.6220507
677,963,182.5322232
678,994,166.4938934
679,978,178.6050228
680,897,178.3367384
681,948,166.9777749
682,942,217.5038104
683,954,148.7224183
684,905,153.3166543
685,978,144.9837798
686,994,180.6013222
687,941,171.3060853
688,959,151.8293303
689,936,164.1437788
690,931,182.3152061
691,920,156.8239807
692,1019,181.0493246
693,984,178.5373348
694,920,178.216108
695,981,174.4400453
696,1001,175.4924133
697,966,165.5368123
698,925,170.5244843
699,1036,131.1079954
700,944,154.2900115
701,927,160.5635258
702,976,160.3935587
703,984,150.9627442
704,922,201.0293654
705,981,178.5871575
706,941,169.8079823
707,938,157.0382232
708,920,158.1017143
709,948,174.0089131
710,963,199.598833
711,941,169.7989371
712,926,187.6870298
713,974,169.4902964
714,947,152.3169839
715,919,172.1738153
716,931,148.2515246
717,999,198.888149
718,928,154.907216
719,927,148.3961742
720,1015,152.2876016
721,924,132.2261328
722,941,183.0589331
723,915,176.2832239
724,977,177.8134373
725,1002,162.4232725
726,986,156.3106174
727,932,200.6934934
728,975,200.5782952
729,971,186.3839643
730,991,168.9017729
731,973,206.152761
732,973,195.4988638
733,907,181.7686949
734,950,210.484608
735,957,178.623844
736,926,159.8115537
737,966,178.9054138
738,919,188.3277491
739,1002,182.1129933
740,937,167.540652
741,948,187.9695232
742,901,154.3336451
743,991,149.5984438
744,978,193.3158968
745,932,178.4439789
746,935,179.2314223
747,964,133.7397619
748,969,143.2537688
749,950,159.9314306
750,936,142.6997489
751,1016,185.1478844
752,973,173.3282187
753,989,177.7230423
754,993,150.4409028
755,953,174.1989984
756,926,165.877911
757,969,175.4081694
758,973,166.2047088
759,948,190.658405
760,962,171.786791
761,994,181.4545021
762,936,142.2591252
763,997,147.4026
764,935,180.1124282
765,922,184.1271646
766,908,173.4071485
767,910,156.1808556
768,957,186.9516713
769,962,207.7705822
770,962,193.8017899
771,970,155.1447149
772,936,178.601175
773,916,177.9201508
774,928,143.6663461
775,926,164.1730973
776,935,157.8837841
777,987,164.6434797
778,975,156.7760026
779,923,156.2029136
780,1000,208.5665038
781,956,160.004566
782,955,132.5001171
783,960,172.1432256
784,911,147.8766651
785,966,159.0599559
786,894,171.2354813
787,942,131.604721
788,923,169.8078971
789,973,165.8583049
790,983,146.5940213
791,975,185.8403642
792,950,144.978992
793,1006,161.953131
794,952,161.3335991
795,972,166.7711366
796,951,173.622685
797,1004,161.8353588
798,947,161.7919606
799,946,171.3307552
800,923,108.2341823
801,976,163.3193144
802,916,168.6397645
803,934,183.4949951
804,942,165.8675902
805,924,153.7703313
806,950,178.924492
807,923,161.8369544
808,926,188.0910417
809,962,164.9380761
810,1009,176.8828691
811,952,158.9659298
812,932,178.2138139
813,998,155.4094656
814,928,196.5134699
815,954,149.3207223
816,950,153.8957499
817,942,159.7894772
818,935,208.7767627
819,909,197.8998028
820,987,165.2559147
821,924,194.5909503
822,955,172.7457722
823,933,205.9618381
824,964,175.0135252
825,890,181.3563141
826,957,176.7082289
827,986,174.3000854
828,959,160.3484098
829,945,164.0859392
830,980,164.0346321
831,998,136.9520755
832,913,147.9717087
833,964,170.095053
834,959,155.8850357
835,949,148.517038
836,948,182.9980669
837,924,184.9934071
838,937,209.4300604
839,963,171.0573284
840,976,170.6763733
841,969,125.8998599
842,948,187.8333919
843,926,171.979611
844,923,195.6785623
845,942,141.3828753
846,1021,188.9467215
847,998,203.7714198
848,954,199.4765224
849,986,166.8582016
850,960,186.1969575
851,956,155.1023762
852,972,191.2168703
853,971,168.3222921
854,948,179.2747925
855,972,172.5250051
856,917,131.3126981
857,947,176.7258273
858,972,169.6548927
859,988,170.0439804
860,987,186.6835302
861,960,201.1121796
862,927,178.5669265
863,900,167.0154895
864,935,205.851565
865,948,161.3225356
866,930,172.2985413
867,986,209.7854
868,985,136.907126
869,1022,168.5288548
870,907,155.3869166
871,949,180.0066417
872,914,154.1715846
873,878,166.9631542
874,912,191.3394624
875,942,207.7768429
876,930,157.5515925
877,960,191.4010723
878,964,178.0578613
879,946,159.274283
880,981,166.7355915
881,953,163.553749
882,936,164.8612759
883,903,204.1455568
884,1014,152.4121278
885,959,165.355843
886,930,108.4473992
887,962,175.1251452
888,945,154.9039727
889,913,184.704271
890,946,160.2260833
891,934,143.2312188
892,910,165.2911082
893,1016,192.7495097
894,950,128.3901264
895,943,190.8663668
896,950,185.1410777
897,927,180.7659483
898,988,130.3008432
899,930,177.7956916
900,940,177.5620942
901,932,197.9502509
902,940,177.5080759
903,966,151.6905136
904,966,189.4881024
905,937,197.8043693
906,970,150.9663807
907,938,184.9638941
908,956,171.1789964
909,997,191.206184
910,909,177.2184816
911,973,177.4690641
912,959,153.0026902
913,936,155.5561383
914,952,171.1484671
915,918,158.7099888
916,928,138.9719424
917,905,168.6287406
918,929,183.9303965
919,930,192.0712591
920,939,191.1256495
921,935,176.8976138
922,900,201.3343156
923,921,166.0719267
924,950,176.3908102
925,933,172.2639858
926,975,172.3452105
927,996,194.1094556
928,975,183.4448632
929,932,161.2944047
930,976,193.1071467
931,964,194.5621376
932,976,177.6505846
933,959,161.7581023
934,903,163.5543744
935,942,124.0148311
936,945,165.4934474
937,940,183.2254227
938,992,186.0768893
939,995,173.1568162
940,934,189.8372039
941,943,186.2885046
942,950,169.1972034
943,937,169.7194178
944,942,195.1653903
945,985,134.1323791
946,952,161.0095959
947,982,182.6489262
948,928,148.8843196
949,907,166.346359
950,970,134.925985
951,959,184.7816284
952,891,181.6542904
953,927,167.7943157
954,908,178.3446337
955,995,171.684151
956,934,149.9228871
957,970,175.3614297
958,914,175.0504911
959,990,149.4471027
960,1004,162.0229698
961,907,159.5672
962,1018,167.9579109
963,937,174.9795956
964,943,174.5590004
965,996,157.3442587
966,969,157.537857
967,935,189.8349769
968,973,174.4462434
969,911,187.6960302
970,938,157.4658227
971,931,143.1438
972,938,175.3491426
973,940,147.5990857
974,928,151.3864036
975,940,172.9123082
976,953,206.5043964
977,939,162.7462407
978,1000,170.1652624
979,887,147.2165494
980,946,180.1620312
981,955,149.4293586
982,974,169.3693357
983,971,172.1455424
984,961,173.8117337
985,974,174.5357713
986,990,128.9406328
987,955,140.3733422
988,988,188.6413346
989,943,165.7684652
990,935,170.2435403
991,921,185.9283311
992,994,169.6688507
993,921,160.6242397
994,960,193.7571827
995,932,167.4990227
996,971,173.3018686
997,1019,161.4434784
998,947,176.3578237
999,944,174.9096229
1000,952,175.6492961
1001,959,186.3934097
1002,940,174.1523347
1003,937,187.6205794
1004,917,179.019197
1005,950,154.6591168
1006,859,166.9126954
1007,941,167.5467319
1008,922,142.7150599
1009,956,130.5258117
1010,957,181.8784202
1011,983,178.3886605
1012,944,158.991967
1013,990,202.5433371
1014,956,120.2910546
1015,917,167.4185831
1016,971,183.1875354
1017,971,161.7178697
1018,989,166.677142
1019,900,165.9616039
1020,925,174.5497408
1021,943,167.1989761
1022,949,189.7022186
1023,983,164.1484069
1024,948,159.7290111
1025,965,173.41344
1026,928,179.0188241
1027,938,153.3381289
1028,947,180.4502529
1029,932,186.9224726
1030,938,174.4193574
1031,990,186.9733352
1032,911,202.7778911
1033,986,197.522353
1034,914,184.1577572
1035,973,145.5563518
1036,958,200.3592221
1037,937,183.6120412
1038,927,161.521522
1039,909,162.8169608
1040,958,184.7143184
1041,974,204.1914528
1042,980,170.5331728
1043,955,158.0299378
1044,935,182.6805811
1045,943,135.0049303
1046,949,188.3244417
1047,925,172.1050936
1048,909,191.9229505
1049,975,196.452746
1050,997,183.2268044
1051,892,166.1994017
1052,962,181.8398808
1053,983,140.1481423
1054,958,196.8578238
1055,958,190.8116459
1056,944,172.4784851
1057,921,158.8284136
1058,948,197.1810775
1059,879,179.3897168
1060,957,179.2616807
1061,964,182.0157357
1062,963,183.3795315
1063,961,174.6193021
1064,959,148.5749416
1065,929,192.5806416
1066,991,159.4437628
1067,900,150.4696892
1068,923,186.086154
1069,983,197.2786975
1070,958,159.4388081
1071,945,146.2570653
1072,971,212.787208
1073,938,160.0161029
1074,912,205.7958999
1075,939,165.4750415
1076,950,158.5461463
1077,905,161.170898
1078,981,177.5869357
1079,976,162.6241054
1080,906,153.432471
1081,1029,184.838808
1082,993,185.3686114
1083,954,207.157094
1084,982,142.0783784
1085,929,159.8290093
1086,953,148.9682466
1087,947,139.1298051
1088,908,177.9875251
1089,924,158.9446224
1090,913,174.5050099
1091,954,138.7297789
1092,916,231.4551806
1093,938,177.8514843
1094,1000,188.3987866
1095,1001,193.9968283
1096,983,175.7407965
1097,961,194.3481831
1098,967,206.0926044
1099,977,159.5338795
1100,951,143.8261575
1101,935,156.1151188
1102,952,149.4518611
1103,1046,185.4378692
1104,934,192.2854851
1105,954,142.1006816
1106,963,166.1722379
1107,930,205.8488978
1108,947,164.215156
1109,960,183.5969836
1110,973,161.8992273
1111,959,146.9830628
1112,871,150.9530334
1113,974,169.474355
1114,954,152.6991432
1115,968,157.7050965
1116,908,172.7707746
1117,896,168.5544295
1118,935,158.4080478
1119,946,169.4866389
1120,975,194.7749077
1121,964,159.1396691
1122,931,139.9839002
1123,900,182.4988697
1124,942,202.7343643
1125,946,167.6774134
1126,857,208.4222212
1127,960,182.7680572
1128,965,196.8824207
1129,993,188.5469077
1130,949,158.5133898
1131,929,201.1657391
1132,920,159.1930378
1133,982,147.0483021
1134,956,192.9576271
1135,955,140.9075873
1136,930,144.9701837
1137,898,210.8426741
1138,994,156.4742378
1139,952,196.240195
1140,947,167.7286844
1141,982,178.6504616
1142,970,167.5928469
1143,957,194.1245099
1144,931,186.552778
1145,971,192.8983803
1146,965,135.8911735
1147,981,172.8491372
1148,946,192.0237053
1149,941,159.8910775
1150,905,188.0223881
1151,985,181.787056
1152,941,145.4960232
1153,949,167.0369046
1154,995,128.9150396
1155,957,187.7598039
1156,960,179.9339384
1157,941,191.7552851
1158,957,160.5890492
1159,948,179.5933638
1160,973,158.1515691
1161,979,158.9339832
1162,914,172.8776835
1163,930,135.880566
1164,925,158.8077676
1165,927,187.4451836
1166,1019,134.9656179
1167,991,167.2980701
1168,982,136.5258679
1169,940,159.0015093
1170,967,209.4098992
1171,940,156.9843665
1172,969,145.3947443
1173,995,158.3433679
1174,917,166.1697878
1175,926,182.8677786
1176,988,207.6653154
1177,951,127.0689046
1178,937,191.4208781
1179,916,189.7420537
1180,977,134.5401384
1181,940,170.6618425
1182,955,171.1198704
1183,929,155.5527435
1184,918,189.1238169
1185,969,201.0783421
1186,901,153.6324489
1187,917,154.6813136
1188,937,159.87117
1189,921,226.3613478
1190,950,177.685782
1191,924,168.7139073
1192,984,153.8192668
1193,992,167.6138777
1194,990,179.6863847
1195,966,172.2390872
1196,964,156.5464269
1197,903,154.791137
1198,894,161.4117863
1199,945,148.9455057
1200,915,143.5378639
1201,1045,2227.23019
1202,1025,2002.490062
1203,1014,2149.715892
1204,977,2503.843026
1205,956,1695.320746
1206,1013,2147.098801
1207,972,1387.376281
1208,1017,2274.336931
1209,1061,1993.807063
1210,1644,2156.731499
1211,1037,1564.859742
1212,1012,2270.245276
1213,1017,1562.726848
1214,937,1343.643094
1215,957,1722.164222
1216,984,1933.668486
1217,968,2811.747538
1218,1018,2318.168857
1219,979,2486.152565
1220,1593,2199.907409
1221,980,2047.766224
1222,997,1801.970959
1223,1032,1510.250963
1224,973,2347.854962
1225,997,1633.220589
1226,1017,1693.207063
1227,1014,2147.144548
1228,988,1497.593492
1229,1028,2269.113688
1230,1593,2064.79499
1231,971,1900.771353
1232,974,2121.309425
1233,1026,1799.470248
1234,989,2619.453575
1235,1032,1872.233099
1236,1015,2182.882066
1237,1024,2171.521146
1238,992,1450.123396
1239,983,2102.169887
1240,1590,2751.698381
1241,992,2362.287418
1242,1059,1816.115817
1243,1011,1703.507455
1244,956,2127.65718
1245,978,1948.613818
1246,1003,2129.965851
1247,964,1953.325635
1248,1004,2232.407239
1249,1004,2262.961267
1250,1542,1951.101606
1251,1011,2329.742364
1252,1011,2302.459652
1253,989,1915.179723
1254,989,1837.340627
1255,1095,1592.46886
1256,1056,2219.362226
1257,1019,1935.908757
1258,1003,1953.427157
1259,996,2329.118287
1260,1569,2398.225053
1261,964,2522.645962
1262,936,2051.581823
1263,1017,1872.086681
1264,988,2435.384619
1265,1008,2437.848047
1266,1006,2263.936933
1267,1015,2028.719317
1268,983,2157.184899
1269,975,2174.535337
1270,1641,1888.688849
1271,979,1667.115559
1272,984,1758.629832
1273,963,1947.991892
1274,962,1535.488603
1275,1002,1688.318382
1276,964,2280.500534
1277,976,2237.16098
1278,952,2457.833171
1279,977,1800.885438
1280,1579,2136.572186
1281,1007,1967.048666
1282,997,1864.809129
1283,959,1648.326498
1284,1000,1662.483922
1285,1014,1938.143196
1286,1020,1728.765529
1287,1010,1693.574356
1288,952,1671.506796
1289,939,2144.374053
1290,1519,2240.543199
1291,964,1957.799067
1292,1029,1464.828508
1293,982,1719.182402
1294,1006,2206.397813
1295,1014,1716.308073
1296,1034,1505.720808
1297,975,1810.27643
1298,947,2287.101828
1299,1008,1847.805659
1300,1531,2434.690042
1301,980,2697.91133
1302,1025,2146.217384
1303,979,2041.790273
1304,1070,2071.661299
1305,984,1871.323195
1306,990,2255.786362
1307,998,1578.4683
1308,983,1925.787544
1309,978,2190.565882
1310,1612,2083.94324
1311,1029,2040.425505
1312,976,1678.767832
1313,1011,1846.597212
1314,968,1750.205947
1315,989,1646.951605
1316,1026,2406.885518
1317,996,2114.80108
1318,1054,2352.361342
1319,1045,1870.345246
1320,1617,1616.764727
1321,1010,1670.973455
1322,1011,2108.122854
1323,972,2129.355599
1324,1009,1895.832205
1325,975,1768.480444
1326,988,1710.354836
1327,992,1943.423048
1328,1022,1543.745252
1329,1032,1740.047832
1330,1652,2032.567599
1331,985,1833.226972
1332,1010,1998.62811
1333,973,1936.59779
1334,1015,1997.942711
1335,1025,2443.209453
1336,970,2364.241527
1337,1004,2123.613425
1338,1042,2059.419135
1339,997,1673.890251
1340,1533,2067.200049
1341,977,2187.13407
1342,1074,2150.278199
1343,1013,1858.781326
1344,984,2346.721535
1345,981,2293.773891
1346,1020,1996.915891
1347,996,1945.810927
1348,964,2105.986586
1349,978,1520.117826
1350,1555,1620.938314
1351,984,2258.898596
1352,969,2309.652673
1353,1004,2303.761144
1354,1018,1999.724016
1355,993,1923.918446
1356,951,1946.154436
1357,1021,2206.327
1358,1036,2123.55615
1359,1027,2761.207412
1360,1577,1897.965196
1361,1034,2393.001756
1362,1022,2284.979944
1363,1039,1905.843869
1364,986,2016.349941
1365,968,1300.774496
1366,941,2239.827101
1367,1053,1609.892383
1368,961,2014.9465
1369,1009,1477.984269
1370,1538,2046.21837
1371,944,1999.080249
1372,1016,1560.377281
1373,1040,1908.421305
1374,1062,1246.221195
1375,999,2172.852089
1376,934,2648.684533
1377,1022,1446.978323
1378,961,1718.610278
1379,969,1749.436433
1380,1606,1682.707806
1381,1014,2054.722696
1382,1005,1892.224806
1383,1025,2348.317541
1384,1053,2115.53472
1385,1058,2095.583232
1386,954,1966.096436
1387,986,2366.783122
1388,1029,2024.185488
1389,962,2073.103728
1390,1583,1631.633237
1391,979,1564.821756
1392,978,2332.230041
1393,1025,2697.650805
1394,961,2045.122095
1395,1016,2059.505009
1396,1014,1503.440423
1397,994,2089.821499
1398,1002,1940.770988
1399,965,2015.453247
1400,1695,1654.596665
1401,987,1915.631324
1402,1047,1873.602542
1403,1054,1548.682937
1404,956,1924.548113
1405,986,1885.075694
1406,1043,2105.916643
1407,978,2240.277654
1408,952,1657.19633
1409,1006,1883.152128
1410,1531,1753.39167
1411,942,2402.898384
1412,985,1567.859309
1413,968,2128.443245
1414,1073,2448.005846
1415,1013,2314.464629
1416,1019,2133.439947
1417,998,2548.92566
1418,984,2680.811278
1419,1015,2186.426183
1420,1573,2208.622034
1421,969,2137.921722
1422,1012,2095.698017
1423,949,2691.144651
1424,986,1889.897507
1425,1007,2176.648916
1426,999,1371.82291
1427,1025,2341.124311
1428,998,2081.598795
1429,1066,2086.985715
1430,1626,1786.697881
1431,937,2223.029884
1432,1009,2128.131885
1433,1060,2009.262274
1434,1004,1626.102309
1435,980,2287.465943
1436,1023,2099.317547
1437,947,1655.382138
1438,1020,1923.889841
1439,1009,2302.157989
1440,1589,2556.269783
1441,1001,2017.614421
1442,1067,1833.843496
1443,988,2237.347697
1444,1002,2408.603547
1445,980,1876.420307
1446,985,1785.313327
1447,964,2245.188931
1448,1000,2091.442368
1449,1029,2474.936075
1450,1634,1347.427701
1451,907,1790.040843
1452,916,2026.428159
1453,1000,1648.721582
1454,1005,1547.348861
1455,1016,2408.413806
1456,983,1802.623828
1457,1008,2001.123185
1458,983,2098.451007
1459,1018,1654.036195
1460,1549,1744.794169
1461,1046,1861.373755
1462,1038,2050.158511
1463,1001,1931.583476
1464,996,2087.051389
1465,980,1737.005553
1466,1055,2374.104189
1467,970,2564.152139
1468,1004,1659.693309
1469,994,2387.073684
1470,1550,2359.61268
1471,1110,2528.153144
1472,943,1936.1768
1473,1018,2322.98027
1474,941,1968.949748
1475,1002,2200.101462
1476,1043,1619.40524
1477,1001,1907.443169
1478,1000,2144.411091
1479,1015,2136.044492
1480,1601,1900.034317
1481,981,2040.684611
1482,1011,1652.914075
1483,1039,2433.600751
1484,1015,1943.389525
1485,963,2315.004373
1486,948,2274.013346
1487,1056,2034.087734
1488,1006,1339.526743
1489,944,1784.834631
1490,1580,2447.081562
1491,977,2173.900602
1492,918,2855.320371
1493,1043,2108.057988
1494,1017,1408.932609
1495,984,2413.324123
1496,1018,2183.536424
1497,996,2197.713579
1498,1024,1701.39393
1499,1011,1880.101621
1500,1578,1892.612026
1501,994,1930.652037
1502,1005,2363.419826
1503,1005,2307.96729
1504,1060,2345.675084
1505,995,1324.84077
1506,1035,2311.132889
1507,1019,2212.272798
1508,1016,2279.371302
1509,971,2328.129471
1510,1610,2030.774505
1511,1038,2003.784048
1512,959,2014.195243
1513,1020,1884.842562
1514,990,1987.869801
1515,992,1701.037548
1516,1021,1909.185347
1517,1000,2073.118585
1518,1017,1927.247003
1519,1054,2206.355845
1520,1612,2202.456062
1521,1004,1993.170354
1522,1002,1703.963833
1523,954,2399.301272
1524,1000,1501.623175
1525,954,2204.297553
1526,1035,1782.581182
1527,927,1500.688868
1528,998,2704.654247
1529,1019,1894.806525
1530,1566,2271.312257
1531,963,2292.232748
1532,1045,2232.045712
1533,1044,1922.237772
1534,984,1754.845568
1535,956,1694.948018
1536,1040,2430.743921
1537,986,1237.177273
1538,980,2215.725681
1539,1000,2127.085267
1540,1614,1879.791394
1541,1020,1767.912727
1542,1049,1939.74994
1543,1039,1529.416273
1544,1035,2267.0281
1545,1025,1891.63328
1546,982,2356.814342
1547,983,2357.54704
1548,1033,2115.994995
1549,1024,2069.459898
1550,1633,2025.715354
1551,991,1956.420509
1552,1053,2146.666804
1553,990,1969.088126
1554,1027,2114.4082
1555,1031,1651.240708
1556,1031,1839.995426
1557,1041,2392.920352
1558,1073,1679.274269
1559,980,1907.444518
1560,1600,2168.961424
1561,1062,1641.230903
1562,961,1714.985984
1563,970,1995.305458
1564,1014,2433.148335
1565,1010,1931.16163
1566,1009,2319.054434
1567,988,1919.565881
1568,983,2074.162413
1569,1011,2117.830161
1570,1594,2256.563774
1571,1016,2124.853025
1572,1044,2057.416822
1573,1013,1853.937032
1574,954,1846.366509
1575,1009,1752.863749
1576,1008,2278.205285
1577,1033,2451.714985
1578,1031,1989.920874
1579,979,1294.340205
1580,1641,1742.148786
1581,986,1987.361341
1582,975,2079.130767
1583,981,1708.41549
1584,982,1833.155073
1585,983,1793.518959
1586,964,2821.88986
1587,1043,1765.531776
1588,971,1752.054107
1589,1045,1743.366451
1590,1568,1956.540047
1591,971,2067.038417
1592,989,1475.368588
1593,987,2439.498698
1594,981,1523.547989
1595,1029,1890.075272
1596,983,1781.329667
1597,979,1830.464495
1598,1023,2132.893385
1599,993,1612.683443
1600,1559,2127.152846
1601,986,2303.619423
1602,1010,1855.647461
1603,950,2317.169531
1604,1024,1677.526438
1605,981,1960.650976
1606,1044,1755.210317
1607,1007,1990.906504
1608,936,1606.697129
1609,984,2200.552848
1610,1593,1848.010081
1611,1041,1969.914117
1612,1038,2121.378439
1613,1022,1985.876908
1614,1061,2101.440841
1615,1013,1636.73515
1616,1038,1879.445689
1617,1033,2110.392191
1618,1085,1745.383653
1619,1020,1996.115457
1620,1678,1950.304238
1621,1007,1942.718445
1622,976,2723.070462
1623,1030,1460.673195
1624,971,1981.828708
1625,1038,2042.456783
1626,949,2375.232323
1627,976,2079.618034
1628,982,1921.450389
1629,947,2561.606635
1630,1594,1983.371871
1631,997,1905.036571
1632,977,1943.558641
1633,1058,2328.627944
1634,948,1937.371462
1635,935,1338.469748
1636,1001,1853.78882
1637,1015,2328.873528
1638,1017,2007.594642
1639,1029,2068.033234
1640,1624,1724.585996
1641,947,1967.863865
1642,1060,1947.194951
1643,1002,2352.919599
1644,1082,2150.414284
1645,986,1785.031327
1646,972,2299.88373
1647,1006,1992.927022
1648,1014,1728.559184
1649,992,2291.789557
1650,1578,1746.538697
1651,1015,1889.421182
1652,1062,2132.490199
1653,1006,2305.252299
1654,1006,1800.092367
1655,994,1959.848837
1656,993,2367.1171
1657,1017,1710.678821
1658,1026,2116.918043
1659,1003,1670.538164
1660,1627,1988.972592
1661,978,1743.06833
1662,1062,2237.425579
1663,998,1960.982463
1664,992,2164.780503
1665,980,2049.622711
1666,1017,2525.523713
1667,1029,2087.468089
1668,1017,2115.0498
1669,1014,1700.158777
1670,1702,1535.350496
1671,1022,2038.888407
1672,974,1941.131291
1673,993,1839.521389
1674,988,1994.778835
1675,1009,2855.130165
1676,1031,1974.316444
1677,1019,2219.968237
1678,997,2154.065017
1679,1016,1693.786216
1680,1690,1759.089477
1681,1006,2095.583811
1682,1011,1831.34568
1683,988,1791.658876
1684,955,2206.999563
1685,1021,2246.388007
1686,1020,2078.286168
1687,1111,2544.892703
1688,1058,1962.543733
1689,961,1954.20134
1690,1602,2028.599461
1691,1056,2005.736822
1692,982,2072.686135
1693,960,2475.546212
1694,961,1764.053409
1695,1019,2241.654143
1696,988,2300.678341
1697,1032,1639.962625
1698,1004,2370.41408
1699,1001,1667.287148
1700,1651,1628.797183
1701,990,1907.129421
1702,1002,2450.101749
1703,1015,2323.203926
1704,972,1991.12832
1705,986,2554.360609
1706,971,2280.478184
1707,1003,2154.962884
1708,961,2212.862508
1709,1003,2179.168231
1710,1601,1332.295682
1711,1000,2047.620175
1712,985,2054.914553
1713,1000,2366.667298
1714,943,1718.283513
1715,969,2047.289484
1716,967,1977.606386
1717,971,2448.243636
1718,1042,1940.449874
1719,993,2000.806368
1720,1685,1824.311122
1721,941,1995.685292
1722,954,2242.56959
1723,983,2102.143537
1724,1018,2442.495433
1725,986,2047.509321
1726,1000,2483.226384
1727,994,1766.695171
1728,1075,2212.591179
1729,1002,1995.171667
1730,1529,1871.27357
1731,932,1731.153251
1732,999,1710.051159
1733,948,2303.772048
1734,1007,2054.228866
1735,988,1944.819206
1736,972,1952.344659
1737,946,2090.996503
1738,974,1780.978932
1739,951,2063.65288
1740,1581,2018.606322
1741,1020,1340.068639
1742,1038,1720.143287
1743,1003,2070.08012
1744,1000,1913.02388
1745,964,2309.471449
1746,977,1583.357937
1747,1059,2043.491604
1748,1006,2323.290872
1749,976,2204.211021
1750,1535,1609.658137
1751,973,1458.365693
1752,983,1994.136667
1753,1014,1874.094618
1754,998,2496.39262
1755,1001,1474.692441
1756,1013,1564.29575
1757,958,2282.561248
1758,982,1851.048343
1759,989,2492.779337
1760,1593,1860.412154
1761,960,1844.024242
1762,998,1931.284528
1763,975,1795.749423
1764,988,1655.968387
1765,1071,2144.944258
1766,1004,1721.982175
1767,1034,1987.399684
1768,990,2207.582359
1769,964,2355.201987
1770,1545,1856.076669
1771,979,2092.978054
1772,1051,1777.893673
1773,990,2124.26266
1774,993,2474.727739
1775,1014,2257.24573
1776,964,2192.444607
1777,988,2146.932551
1778,1022,1886.892969
1779,1004,2028.026284
1780,1604,1802.801655
1781,943,2768.45931
1782,952,1737.448608
1783,1035,1836.299519
1784,972,1556.458328
1785,1008,2202.150921
1786,1017,1904.259791
1787,981,2112.682605
1788,1005,2355.474823
1789,1050,2372.653285
1790,1625,2387.262709
1791,1053,1975.031872
1792,983,2241.14673
1793,1026,2093.551353
1794,1026,1709.415314
1795,1008,1788.200134
1796,983,1907.596954
1797,1045,2230.188352
1798,1002,2067.289579
1799,1022,2014.379085
1800,1592,1894.265782
1801,300,290.0536084
1802,300,269.264615
1803,311,290.8243913
1804,294,273.8673388
1805,299,279.6474713
1806,297,343.483009
1807,287,332.9616428
1808,297,285.6305923
1809,304,269.7012078
1810,327,321.0984922
1811,298,365.0944996
1812,301,280.9292472
1813,321,299.8347931
1814,307,335.8755919
1815,302,356.0292191
1816,316,256.9049823
1817,308,264.6644708
1818,312,343.55528
1819,310,267.8710626
1820,330,333.85237
1821,274,259.3459831
1822,268,303.5555262
1823,270,257.6705967
1824,303,323.9838135
1825,288,267.1104016
1826,276,286.594313
1827,281,403.2521952
1828,284,260.2250879
1829,274,357.4580106
1830,313,233.1455478
1831,283,350.422963
1832,297,265.0306664
1833,310,321.2023966
1834,297,325.5266816
1835,303,440.7728463
1836,309,167.9650803
1837,282,310.7063057
1838,291,255.6846139
1839,285,351.5602689
1840,305,291.9737893
1841,303,312.990534
1842,363,307.3262527
1843,312,276.2827375
1844,267,212.9538101
1845,294,267.5396943
1846,302,318.4896551
1847,315,250.975084
1848,299,266.0434007
1849,311,206.115254
1850,321,257.2381399
1851,283,392.8363669
1852,292,296.3860309
1853,282,344.841437
1854,320,226.9464133
1855,342,355.20414
1856,289,292.6097027
1857,309,344.6304684
1858,296,210.9673404
1859,316,255.9440409
1860,317,180.6906389
1861,284,333.8903325
1862,295,268.7939621
1863,289,249.4487429
1864,306,286.6596124
1865,326,276.374738
1866,328,286.8790188
1867,271,368.5976661
1868,269,395.6994234
1869,317,307.0065785
1870,297,296.8560456
1871,302,183.8528958
1872,299,273.9002443
1873,303,344.7950117
1874,335,319.1573087
1875,301,275.1164029
1876,287,306.7308559
1877,333,290.6905801
1878,321,284.5822251
1879,318,223.536276
1880,306,330.1444257
1881,283,266.8839016
1882,264,246.8860037
1883,274,391.5227675
1884,267,201.1135696
1885,320,208.4653808
1886,300,222.3784243
1887,277,253.5216526
1888,303,288.447472
1889,314,209.3451284
1890,301,301.1323578
1891,282,319.1005069
1892,308,226.1935739
1893,325,234.9361449
1894,340,344.4080478
1895,299,237.9130138
1896,286,266.4324784
1897,313,248.2507978
1898,299,286.0526359
1899,279,379.2209575
1900,289,271.7807968
1901,301,266.9816289
1902,304,291.81163
1903,312,250.4596505
1904,326,333.1619154
1905,301,431.9769388
1906,285,271.9830802
1907,290,204.73618
1908,311,274.0710139
1909,283,329.7974489
1910,301,274.7628025
1911,293,325.7552545
1912,282,323.4858263
1913,280,341.792981
1914,316,331.3422518
1915,298,278.6571173
1916,330,315.3082853
1917,323,278.8787286
1918,293,340.0039384
1919,313,326.2263924
1920,287,201.2481454
1921,302,357.1231867
1922,290,338.4956358
1923,306,277.1675831
1924,305,239.53563
1925,282,366.7664263
1926,286,263.0260036
1927,290,311.3414049
1928,319,258.6468497
1929,304,270.9765301
1930,319,354.6905309
1931,289,236.3756192
1932,256,274.579181
1933,323,311.6341522
1934,275,248.5638079
1935,294,281.1692627
1936,303,371.2243796
1937,308,408.6920642
1938,301,399.3337045
1939,279,271.2779703
1940,296,266.7809454
1941,281,373.2213939
1942,281,355.3666825
1943,327,334.3059272
1944,307,236.3995942
1945,300,315.8111577
1946,302,336.8763393
1947,298,283.0398521
1948,316,331.9761511
1949,322,288.3680323
1950,315,262.0854122
1951,289,425.1195651
1952,301,320.7294592
1953,288,237.2469048
1954,299,320.4711882
1955,321,264.9557834
1956,306,327.716616
1957,277,311.8134741
1958,296,223.1015221
1959,314,302.3294768
1960,304,230.9627908
1961,323,302.0014492
1962,276,315.1769628
1963,297,312.1762423
1964,314,317.4385867
1965,271,333.9691368
1966,315,303.4526105
1967,312,325.5507858
1968,312,337.5343369
1969,286,364.6167497
1970,315,351.1951686
1971,308,363.4444351
1972,300,336.3526673
1973,308,184.2670386
1974,279,283.9682531
1975,260,237.936889
1976,293,373.1439388
1977,312,354.6830973
1978,268,325.2480334
1979,287,268.3778166
1980,314,218.4432076
1981,288,301.0313658
1982,280,378.0137684
1983,314,298.0157448
1984,303,367.2492091
1985,290,280.0063116
1986,280,328.8323011
1987,320,290.1715829
1988,318,342.1645886
1989,299,282.4569713
1990,309,336.003747
1991,309,233.7744793
1992,300,306.7808166
1993,307,273.2665687
1994,286,253.8641297
1995,312,304.5425045
1996,297,185.6583154
1997,291,279.0823483
1998,306,261.6599411
1999,310,277.7963558
2000,321,316.8912596
2001,275,264.2419156
2002,322,267.5756367
2003,309,322.1119829
2004,291,399.0552998
2005,278,453.4252002
2006,297,281.8859951
2007,307,258.3810074
2008,275,352.582072
2009,320,240.2411899
2010,283,370.4148523
2011,288,323.1229135
2012,291,270.894825
2013,307,344.752177
2014,292,196.6570093
2015,282,285.0111342
2016,283,294.0331734
2017,299,338.2052177
2018,329,331.3944035
2019,290,364.5712444
2020,320,291.2148171
2021,277,190.825584
2022,296,399.5684874
2023,324,277.4709272
2024,304,228.0793166
2025,310,288.8928288
2026,298,358.1276631
2027,304,350.1834572
2028,317,254.1702582
2029,323,276.0056616
2030,280,340.2509119
2031,251,336.3617356
2032,308,283.0565956
2033,275,304.1998535
2034,270,314.3296091
2035,337,271.2872802
2036,314,277.7261312
2037,289,322.9455634
2038,321,317.8835921
2039,299,283.4487571
2040,312,198.2503367
2041,295,256.7316597
2042,295,240.1842672
2043,301,265.3766645
2044,292,263.8506212
2045,278,288.6750349
2046,271,265.4634348
2047,281,281.9724113
2048,316,370.3245141
2049,306,185.2731474
2050,303,301.7063863
2051,292,313.6141767
2052,300,173.7332644
2053,297,255.8470033
2054,288,328.1299931
2055,268,296.8655513
2056,317,278.4628178
2057,305,331.7297803
2058,290,271.5350802
2059,292,288.1940512
2060,328,302.7933022
2061,309,349.7497664
2062,278,324.0979409
2063,284,254.4102773
2064,315,289.59409
2065,268,211.9076469
2066,297,271.6420918
2067,322,240.3893334
2068,283,390.398177
2069,293,253.2006998
2070,331,255.0941052
2071,296,239.4867991
2072,300,276.6862844
2073,330,307.8354443
2074,297,254.1076461
2075,308,316.7518047
2076,284,346.7929696
2077,307,258.7693002
2078,296,392.6853029
2079,288,275.0286007
2080,329,282.9742806
2081,291,303.9513042
2082,278,344.9435369
2083,299,252.4432218
2084,290,350.5687275
2085,282,286.6750304
2086,320,273.9095039
2087,297,311.1531022
2088,259,351.8259788
2089,318,296.7568906
2090,295,287.1229049
2091,297,280.5972212
2092,301,309.8192268
2093,300,359.6082106
2094,296,329.7289984
2095,286,353.7116988
2096,302,229.2687332
2097,311,260.7419626
2098,308,250.6002486
2099,296,322.2054544
2100,282,208.5216257
2101,707,297.8396135
2102,714,300.1791486
2103,687,338.9444336
2104,652,312.9265167
2105,664,364.252438
2106,736,342.7684064
2107,682,268.2458312
2108,692,260.8307037
2109,667,325.1975433
2110,667,317.0184902
2111,675,334.0762363
2112,726,283.4626826
2113,697,295.7721922
2114,700,290.87173
2115,682,321.2064374
2116,713,295.8323298
2117,684,290.5088272
2118,696,209.7021657
2119,695,299.4084465
2120,715,297.9889287
2121,701,358.3729476
2122,677,269.003377
2123,691,284.0783667
2124,669,274.4033995
2125,708,276.0254578
2126,733,268.3863357
2127,662,276.0238201
2128,677,305.4899105
2129,696,282.0841959
2130,715,272.5422242
2131,677,285.7042629
2132,738,208.7573686
2133,700,246.4859791
2134,672,359.3186528
2135,717,417.1605475
2136,736,305.7115914
2137,714,332.3869288
2138,664,268.1763592
2139,691,341.0845627
2140,686,282.2117309
2141,720,338.7276903
2142,746,329.3958338
2143,692,372.7238798
2144,682,230.3863277
2145,698,267.0040906
2146,676,327.6096152
2147,717,317.233158
2148,721,280.6349577
2149,724,290.7864647
2150,710,327.0736437
2151,689,241.4451357
2152,710,404.0379869
2153,732,333.7484392
2154,707,277.9663432
2155,702,251.0754537
2156,707,232.8826106
2157,712,325.0245672
2158,678,212.4095394
2159,678,327.2258835
2160,733,341.6794737
2161,689,347.6667033
2162,670,270.3297245
2163,699,340.973099
2164,678,281.8611436
2165,690,132.4327645
2166,710,230.167963
2167,686,385.7773899
2168,706,252.1636921
2169,697,240.9270625
2170,726,281.5565786
2171,743,332.1844422
2172,685,301.7085929
2173,685,252.3740936
2174,710,310.0698985
2175,745,270.1560809
2176,716,406.322479
2177,707,348.9894345
2178,671,250.7637466
2179,689,254.8802995
2180,677,298.9410536
2181,722,300.481367
2182,635,215.2832188
2183,722,356.2985493
2184,716,371.054618
2185,678,283.62116
2186,675,301.4349643
2187,674,341.3240933
2188,700,329.8920021
2189,708,401.1196412
2190,745,339.0588182
2191,736,275.1349551
2192,710,204.326687
2193,695,256.5995443
2194,707,285.3577353
2195,637,292.662278
2196,709,232.1857111
2197,739,368.2227828
2198,737,338.8037813
2199,679,363.5787362
2200,686,268.6652798
2201,678,223.2045651
2202,677,284.5075785
2203,704,249.8914452
2204,727,291.3334824
2205,704,294.367279
2206,708,263.5393532
2207,671,352.5670521
2208,684,297.8202387
2209,746,302.2160024
2210,709,366.6042231
2211,682,324.6196175
2212,684,342.6358716
2213,696,247.9208025
2214,699,360.19111
2215,688,241.8251834
2216,672,317.3106289
2217,694,233.1026113
2218,750,311.6273616
2219,723,346.0697554
2220,752,291.0773498
2221,693,306.6061285
2222,688,194.5980546
2223,715,265.5529729
2224,728,343.9786422
2225,705,315.983728
2226,728,282.2410882
2227,671,211.2211199
2228,701,249.8433845
2229,671,354.6534171
2230,663,299.8621876
2231,708,256.4279963
2232,643,290.6944567
2233,709,339.4472199
2234,695,342.8908608
2235,704,366.078887
2236,695,344.5872466
2237,744,323.2058969
2238,684,328.6339727
2239,677,332.6942019
2240,735,370.5317414
2241,644,383.4134245
2242,678,273.9937443
2243,709,288.9945248
2244,686,382.6951536
2245,687,281.2000416
2246,739,322.3618533
2247,739,203.3712645
2248,712,181.5018628
2249,698,298.4947321
2250,648,376.6013356
2251,1083,289.2904923
2252,1096,325.1989324
2253,1056,281.8666608
2254,1114,289.7258495
2255,1087,286.2611256
2256,1056,328.9957146
2257,1121,393.4958348
2258,1137,264.1510788
2259,1065,325.7553147
2260,1067,257.9528344
2261,1100,307.1621623
2262,1115,365.2230118
2263,1149,291.0489091
2264,1110,180.5867725
2265,1055,297.915483
2266,1095,344.8571011
2267,1126,300.4922148
2268,1075,273.4701901
2269,1064,342.6327601
2270,1064,279.3930163
2271,1040,296.228227
2272,1095,283.1392435
2273,1091,250.3895409
2274,1088,333.7944698
2275,1079,345.1431249
2276,1050,243.2289043
2277,1049,294.4186134
2278,1098,330.0624811
2279,1058,283.6539827
2280,1067,263.8591263
2281,1091,407.0040405
2282,1121,334.1161548
2283,1066,345.5826121
2284,1094,299.7063952
2285,1059,228.5525339
2286,1081,204.8054745
2287,1096,264.6190683
2288,1101,205.6167128
2289,1050,309.9388055
2290,1098,351.508534
2291,1076,326.0824522
2292,1125,283.2986802
2293,1110,227.3178293
2294,1093,306.8107799
2295,1114,305.5030464
2296,1062,312.6017639
2297,1087,260.8732885
2298,1083,305.3234264
2299,1156,350.7247911
2300,1135,337.786223
2301,1089,276.9675349
2302,1107,313.8738528
2303,1065,297.6026526
2304,1183,375.1531433
2305,1068,319.4737405
2306,1130,364.0825972
2307,1081,236.3174415
2308,1084,308.9715219
2309,1142,259.1429636
2310,1127,301.8950183
2311,1076,302.3088947
2312,1105,249.9754628
2313,1122,342.8195254
2314,1066,329.9002423
2315,1093,310.0211222
2316,1085,368.5640954
2317,1085,341.2775804
2318,1091,312.9580121
2319,1045,289.0623396
2320,1142,246.2061005
2321,1060,334.8432785
2322,1110,262.7806023
2323,1094,267.4174217
2324,1127,303.8479147
2325,1074,219.5491465
2326,1086,326.9008475
2327,1119,309.6464845
2328,1136,296.1981437
2329,1084,302.0390198
2330,1143,284.197855
2331,1080,309.0398246
2332,1122,368.8587943
2333,1116,358.3743416
2334,1154,334.7906591
2335,1115,311.5370799
2336,1152,399.5105864
2337,1109,327.3937266
2338,1087,248.6131868
2339,1114,378.0149082
2340,1059,227.4867197
2341,1146,270.1893923
2342,1093,332.9565096
2343,1136,285.9762204
2344,1114,350.3686141
2345,1075,217.1266397
2346,1071,214.1396203
2347,1071,370.3022015
2348,1129,243.7723463
2349,1073,331.3325539
2350,1045,322.8135614
2351,697,229.1477627
2352,705,311.7394335
2353,695,330.5063031
2354,685,356.1868721
2355,715,220.5015897
2356,714,301.7564794
2357,691,277.2780229
2358,704,309.1871139
2359,689,338.2285144
2360,677,277.0428602
2361,681,337.3187345
2362,687,331.585365
2363,718,295.4953615
2364,668,440.7390234
2365,691,270.2059614
2366,724,338.9314901
2367,750,285.1509884
2368,748,269.1605605
2369,689,236.5702344
2370,712,298.8719366
2371,718,292.1047795
2372,729,355.2383189
2373,756,261.7924284
2374,665,301.4125317
2375,727,292.096539
2376,769,181.1819561
2377,728,254.8409926
2378,703,310.9479285
2379,720,195.7712902
2380,750,283.4696592
2381,672,241.7909283
2382,674,256.4596519
2383,714,195.6898891
2384,661,274.8596043
2385,644,327.52465
2386,725,290.4665774
2387,701,352.1952713
2388,710,300.1894533
2389,756,298.701997
2390,714,370.5372295
2391,676,259.0922426
2392,608,323.4847883
2393,688,258.511068
2394,737,355.8961344
2395,736,393.2318995
2396,693,331.0450844
2397,685,390.5147591
2398,678,315.6395143
2399,733,320.422642
2400,774,277.7191209
